<?xml version="1.0" encoding="SHIFT_JIS"?>
<EncryptedData Type="http://www.w3.org/2001/04/xmlenc#Element" xmlns="http://www.w3.org/2001/04/xmlenc#">
  <EncryptionMethod Algorithm="http://www.w3.org/2001/04/xmlenc#aes256-cbc" />
  <KeyInfo xmlns="http://www.w3.org/2000/09/xmldsig#">
    <EncryptedKey xmlns="http://www.w3.org/2001/04/xmlenc#">
      <EncryptionMethod Algorithm="http://www.w3.org/2001/04/xmlenc#tripledes-cbc" />
      <KeyInfo xmlns="http://www.w3.org/2000/09/xmldsig#">
        <KeyName>tDESkey</KeyName>
      </KeyInfo>
      <CipherData>
        <CipherValue>iZZegDj//Dhzq1Ztqk2Y+i5XbLo041N4ZlVyDmGaEaYrLfTa3PLCRyWZFyX6ap8T</CipherValue>
      </CipherData>
    </EncryptedKey>
  </KeyInfo>
  <CipherData>
    <CipherValue>U6UGH9yC7ScFOGcucUcNEdKNyiyDQ9/nJ8APAgBgNE+k5XQgx+u8JIAt19UdPGUSGJ+/uYkVeZod03iSdKS45A==</CipherValue>
  </CipherData>
</EncryptedData>